species	growthRate
1	2.589791
2	1.685576
3	2.262087
4	1.239161
5	2
6	1.613319
7	1.436066
8	2.535142
9	2.132169
10	2.028718
